use simple;

select * from persona;

INSERT INTO `persona` (ID_DNI_PERSONA, NOMBRE, APELLIDO, TELEFONO, EMAIL) values 
(11111111, 'Michel', 'Salinas', 98765432, 'michelsalinas26@gmail.com'),
(22222222, 'Nico', 'Riva', 78954128, 'nicoriva@gmail.com'),
(33333333, 'Camila', 'Lopez', 87451217, 'sofilopez@gmail.com'),
(44444444, 'Florencia', 'Berthet', 12345600, 'florberthet@gmail.com'),
(55555555, 'Alejandra', 'Perez', 1324651217, 'aleperez@gmail.com'),
(66666666, 'Daniel', 'Dabat', 1245171813, 'danidabat@gmail.com'),
(77777777, 'Lucas', 'Perata', 1311171815, 'lucasperata@gmail.com'),
(88888888, 'Maria', 'Cardona', 1311191711, 'mariacardona@gmail.com');

select * from vendedor;

INSERT INTO `vendedor` (ID_VENDEDOR) values 
(000001),(000002),(000003),(000004);

select * from comprador;

INSERT INTO `comprador` (ID_COMPRADOR) values 
(111001),(111002),(111003),(111004);

select * from cuenta;

INSERT INTO `cuenta` (USUARIO, CONTRASEÑA, CUENTA_FECHA, ID_VENDEDOR, ID_DNI_PERSONA) values 
('msalinas', 'ms2329', 10/10/2020, 000001, 11111111),
('nriva', 'nr1234', 11/09/2020, 000002, 22222222),
('Camila', 'Lopez', 10/03/2021, 000003, 33333333),
('fberthet', 'fb8415', 29/01/2022, 000004, 44444444);

select * from cuenta;

INSERT INTO `cuenta` (USUARIO, CONTRASEÑA, CUENTA_FECHA, ID_COMPRADOR, ID_DNI_PERSONA) values 
('aperez', 'ap6532', 10/08/2022, 111001, 55555555),
('ddabat', 'db6819', 21/11/2020, 111002, 66666666),
('lperata', 'lp9874', 05/12/2021, 111003, 77777777),
('mcardona', 'mc1664', 20/08/2022, 111004, 88888888);

select * from banco;

INSERT INTO `banco` (TIPO_CUENTA, NUMERO_CUENTA, ID_CUENTA_SIMPLE) values 
('CUENTA CORRIENTE ', 12465123, 1),
('CUENTA CORRIENTE', 21211518, 2),
('CAJA DE AHORRO', 13131415, 3),
('CAJA DE AHORRO', 87495117, 4),
('CUENTA CORRIENTE ', 34615263, 5),
('CUENTA CORRIENTE', 46151413, 6),
('CAJA DE AHORRO', 41131524, 7),
('CAJA DE AHORRO', 31211234, 8);

select * from TARJETA;

INSERT INTO `TARJETA` (BANCO, TARJETA_NUMERO, FECHA_VENCIMIENTO, CODIGO_SEGURIDAD, ID_CUENTA_SIMPLE) values 
('GALICIA', 11111111, 04/02/2024, 135, 1),
('CREDICOOP', 11111112, 04/02/2024, 135, 2),
('BBVA', 11111113, 04/02/2024, 135, 3),
('HSBC', 11111114, 04/02/2024, 135, 4),
('ICBC', 11111115, 04/02/2024, 135, 5),
('NACION', 11111116, 04/02/2024, 135, 6),
('FRANCES', 11111117, 04/02/2024, 135, 7),
('BRUBANK', 11111118, 04/02/2024, 135, 8);

select * from PRODUCTO;

INSERT INTO `PRODUCTO` (PRECIO_UNIDAD, CANTIDAD, ID_VENDEDOR, MARCA, MODELO, PRODUCTO_DESCRIPCION, PRODUCTO_FECHA) values 
(75000.00, 200, 000001, 'SAMSUNG', 'SVG-125', 'ETC...', 18/01/2021),
(59000.00, 100, 000001, 'SAMSUNG', 'SVG-300', 'ETC...', 19/02/2021),
(90000.00, 250, 000001, 'SAMSUNG', 'SVG-500', 'ETC...', 10/09/2021),
(150000.00, 100, 000002, 'MOTOROLA', 'MOT-111', 'ETC...', 25/05/2020),
(200000.00, 200, 000002, 'MOTOROLA', 'MOT-222', 'ETC...', 26/05/2020),
(250000.00, 250, 000002, 'MOTOROLA', 'MOT-333', 'ETC...', 27/05/2020),
(50000.00, 200, 000003, 'LG', 'LG-111', 'ETC...', 20/01/2022),
(60000.00, 180, 000003, 'LG', 'LG-222', 'ETC...', 10/03/2022),
(70000.00, 250, 000003, 'LG', 'LG-333', 'ETC...', 14/04/2022),
(58000.00, 200, 000004, 'SAMSUNG', 'SAM-111', 'ETC...', 25/04/2022),
(65000.00, 200, 000004, 'SAMSUNG', 'SAM-112', 'ETC...', 28/04/2022),
(55000.00, 200, 000004, 'SAMSUNG', 'SAM-113', 'ETC...', 29/04/2022);

select * from PUBLICACION;

INSERT INTO `PUBLICACION` (ID_PRODUCTO, PUBLICACION_DESCRIPCION, ID_VENDEDOR, TITULO, PUBLICACION_FECHA) values 
(1, 'PUBLICACION PRUEBA', 000001, 'VENTA DE PRODUCTO', 30/01/2021),
(2, 'PUBLICACION PRUEBA', 000001, 'VENTA DE PRODUCTO', 30/06/2021),
(3, 'PUBLICACION PRUEBA', 000002, 'VENTA DE PRODUCTO', 15/12/2021),
(4, 'PUBLICACION PRUEBA', 000002, 'VENTA DE PRODUCTO', 08/01/2022),
(5, 'PUBLICACION PRUEBA', 000003, 'VENTA DE PRODUCTO', 04/05/2021),
(6, 'PUBLICACION PRUEBA', 000003, 'VENTA DE PRODUCTO', 28/05/2021),
(7, 'PUBLICACION PRUEBA', 000004, 'VENTA DE PRODUCTO', 30/06/2022),
(8, 'PUBLICACION PRUEBA', 000004, 'VENTA DE PRODUCTO', 19/09/2022),
(9, 'PUBLICACION PRUEBA', 000001, 'VENTA DE PRODUCTO', 12/07/2022),
(10, 'PUBLICACION PRUEBA', 000002, 'VENTA DE PRODUCTO', 01/06/2022),
(11, 'PUBLICACION PRUEBA', 000003, 'VENTA DE PRODUCTO', 02/06/2022),
(12, 'PUBLICACION PRUEBA', 000004, 'VENTA DE PRODUCTO', 03/06/2022);

select * from FACTURA;

INSERT INTO `FACTURA` (ID_PUBLICACION, CANTIDAD_PRODUCTO, PRECIO_SIN_IVA, PRECIO_TOTAL, FACTURA_FECHA, ID_COMPRADOR, ID_VENDEDOR) values 
(1, 10, 750000.00, 907500.00, 01/09/2022, 111001, 000001),
(1, 20, 1500000.00, 1815000.00, 02/09/2022, 111002, 000001),
(2, 10, 590000.00, 713900.00, 01/09/2022, 111002, 000001),
(2, 15, 885000.00, 1070850.00, 05/09/2022, 111001, 000001),
(3, 5, 450000.00, 544500.00, 08/10/2022, 111003, 000001),
(3, 7, 630000.00, 762300.00, 05/08/2022, 111004, 000001),
(4, 8, 1200000.00, 1452000.00, 05/07/2022, 111003, 000002),
(4, 11, 1650000.00, 1996500.00, 08/05/2022, 111004, 000002),
(5, 3, 600000.00, 726000.00, 01/07/2022, 111001, 000002),
(5, 5, 1000000.00, 1121000.00, 08/05/2022, 111002, 000002),
(6, 1, 250000.00, 302500.00, 12/08/2022, 111004, 000002),
(6, 2, 500000.00, 605000.00, 08/07/2022, 111002, 000002),
(7, 10, 500000.00, 605000.00, 12/10/2022, 111001, 000003),
(7, 15, 750000.00, 907500.00, 25/10/2022, 111004, 000003),
(8, 15, 900000.00, 1089000.00, 10/10/2022, 111001, 000003),
(9, 4, 280000.00, 338800.00, 21/10/2022, 111003, 000003),
(10, 15, 870000.00, 1052700.00, 19/10/2022, 111001, 000004),
(11, 5, 325000.00, 393250.00, 08/09/2022, 111001, 000004),
(11, 11, 715000.00, 865150.00, 29/09/2022, 111004, 000004),
(12, 10, 550000.00, 665500.00, 18/10/2022, 111002, 000004),
(12, 8, 440000.00, 532400.00, 20/10/2022, 111001, 000004);
                                    
select * from VENTA;

INSERT INTO `VENTA` (ID_FACTURA, ID_VENDEDOR, FECHA_VENTA) values 
(1, 1, 01/09/2022),
(2, 1, 02/09/2022),
(3, 1, 01/09/2022),
(4, 2, 05/09/2022),
(5, 2, 08/10/2022),
(6, 2, 05/08/2022),
(7, 3, 05/07/2022),
(8, 3, 08/05/2022),
(9, 3, 01/07/2022),
(10, 4, 08/05/2022),
(11, 4, 12/08/2022),
(12, 4, 08/07/2022),
(13, 4, 12/10/2022),
(14, 4, 25/10/2022),
(15, 4, 10/10/2022),
(16, 4, 21/10/2022),
(17, 4, 19/10/2022),
(18, 4, 08/09/2022),   
(19, 4, 29/09/2022),
(20, 4, 20/10/2022);
                    
select * from CATEGORIA;
  
INSERT INTO `CATEGORIA` (TIPO_CATEGORIA) values 
('TELEVISOR'),
('CELULARES'),
('MICROONDAS'),
('HELADERAS'),
('COMPUTADORA'),
('AUDIO'),
('ELECTRODOMESTICOS'),
('LAVARROPAS'),
('LUMINARIAS');                  
			
select * from PRODUCTO_CATEGORIA;

INSERT INTO `PRODUCTO_CATEGORIA` (ID_PRODUCTO, ID_CATEGORIA) values 
(1,1),                   
(2,4),                   
(3,6),                   
(4,1),                   
(5,2),                   
(6,3),                   
(7,5),                   
(8,8),                   
(9,7),                   
(10,9),                   
(11,8),                   
(12,2);             

select * from CATEGORIA_PUBLICACIONES;

INSERT INTO `CATEGORIA_PUBLICACIONES` (ID_PUBLICACION, ID_CATEGORIA) values 
(1,1),                   
(2,4),                   
(3,6),                   
(4,1),                   
(5,2),                   
(6,3),                   
(7,5),                   
(8,8),                   
(9,7),                   
(10,9),                   
(11,8),                   
(12,2);  
                                
SELECT * FROM TARJETA;